{"cameraMode":{"drawMode":0,"name":"Shaded","section":"Shading Mode"},"sceneLighting":true,"audioPlay":false,"sceneViewState":{"showFog":true,"showMaterialUpdate":false,"showSkybox":true,"showFlares":true,"showImageEffects":true,"showParticleSystems":true},"in2DMode":false,"pivot":{"x":47.10774230957031,"y":54.00691223144531,"z":132.08494567871095},"rotation":{"x":-0.041788116097450259,"y":0.9581504464149475,"z":-0.20572569966316224,"w":-0.19462385773658753},"size":27.065868377685548,"orthographic":true}